label	sha256	path
benchmark-runner	ce4fcd45c45ac352893fcf87666cf22f9189450ba2bee8431d3ee7d33745142d	inputs/comparative-runner.sh
lane-verifier	1c17b7b379f2a43df00bda53e61786aaef59f664469f1ac5cc03a0095f97982b	inputs/lane-verifier.sh
x301-benchmark-source	3dca9146f1fb598cc8587c08b1a3c8f0eee1f826dc798ca0d3d620b2b887f8ee	inputs/x301_bench.c
signature-benchmark-source	35487621854b4eb73d9dc11b4c3fc76a4cf8dcde96f014b99a7c81f5eefec68a	inputs/signature_bench.c
comparative-summarizer	f23fecced373cfded23bd04f90e732537498489458221b8a34eb9051e852f139	inputs/summarize_comparative.py
source-manifest	ea2b515a28929bf44d9dc90b3db0560327d80a2dc0c0c61ca4508b0f6bf64f11	inputs/source-manifest.sha256
lane-evidence-manifest	5ea7be983ee95241b893375de349ba4dc519509b79d623c5a7f74ae1641062bd	inputs/lane-evidence-manifest.sha256
compiler	94c86a2a6caf1a4fe421e70cbfea8ac55ad2cd8b602e5ffcf5e933a9c000ace4	inputs/compiler
openssl-binary	1b104f08d4fbea1f9396d2b5b4c88a56ae853f68027ed22d3628d3d0897f39b0	inputs/openssl
openssl-library	4b62f599ed205d01c8eb66c7dd80ba73be8bc964841f5e665870a127e9e7dc9d	inputs/libraries/1-libcrypto.so.3
openssl-library	6974845e7c3f7c736d26be0612f4f546f0f19865dbcc4beb4073cbdcbd2c32ae	inputs/libraries/2-libssl.so.3
provider-module	7f62f66425d5d1b0602ecfbbca9dcbc2b2392fc0d282684c1600652a3b0bd395	inputs/modules/ed301_eddsa_v1.so
provider-module	a962852aaadb9b9142e8390865a9ba4e20c4508adb6547de1f3c174608a73efc	inputs/modules/x301.so
openssl-header-manifest	86e472008b049bc0724791f3da105e2a1df6b8343ade995320d8519100b19c2e	inputs/openssl-headers.sha256
generated-input	f3ff9faf92799a303cad157b05d06031c3113806d4d0d91f3c96201aa9b898f5	inputs/x301_bench
generated-input	a250f63aed08ce92ab9153e16ae289d4bc46819997e6f83948d7d5a30b221766	inputs/signature_bench
generated-input	2fe30ae1363ca8c9f674466a71c8e7345e807bb9d34565e9d014555dd379071e	inputs/x301-benchmark-self-test.txt
generated-input	3d29dc4d065932d70b96209b06330a7c6825e15c9123474bb09c3b37ad1d7bfa	inputs/BUILD_COMMANDS.txt
