lane	category	operation	algorithm	run	count	mean_ns
3.5.8	kex	keygen	X25519	1	1500	23565.5
3.5.8	kex	derive-setup	X25519	1	1500	1178.3
3.5.8	kex	derive-first	X25519	1	1500	23558.7
3.5.8	kex	derive-second	X25519	1	600	23554.4
3.5.8	kex	derive-steady	X25519	1	1500	23503.7
3.5.8	kex	keygen	X448	1	1500	143981.2
3.5.8	kex	derive-setup	X448	1	1500	1177.8
3.5.8	kex	derive-first	X448	1	1500	119168.9
3.5.8	kex	derive-second	X448	1	600	122912.7
3.5.8	kex	derive-steady	X448	1	1500	122908.9
3.5.8	kex	keygen	X301	1	1500	29335.8
3.5.8	kex	derive-setup	X301	1	1500	1767.4
3.5.8	kex	derive-first	X301	1	1500	59529.4
3.5.8	kex	derive-second	X301	1	600	59756.7
3.5.8	kex	derive-steady	X301	1	1500	59631.7
3.5.8	kem	kem-keygen	ML-KEM-1024	1	400	38969.5
3.5.8	kem	encaps	ML-KEM-1024	1	500	20294.4
3.5.8	kem	decaps	ML-KEM-1024	1	700	30188.7
3.5.8	kem	kem-keygen	X25519MLKEM768	1	400	50207.4
3.5.8	kem	encaps	X25519MLKEM768	1	500	64002.5
3.5.8	kem	decaps	X25519MLKEM768	1	700	48456.0
3.5.8	kem	kem-keygen	X448MLKEM1024	1	400	182845.7
3.5.8	kem	encaps	X448MLKEM1024	1	500	285835.7
3.5.8	kem	decaps	X448MLKEM1024	1	700	151838.0
3.5.8	kem	kem-keygen	X301MLKEM1024	1	400	70703.8
3.5.8	kem	encaps	X301MLKEM1024	1	500	112350.7
3.5.8	kem	decaps	X301MLKEM1024	1	700	90534.4
3.5.8	signature	keygen	ED25519	1	1000	25187.2
3.5.8	signature	sign	ED25519	1	2500	24046.0
3.5.8	signature	verify	ED25519	1	2500	78260.2
3.5.8	signature	keygen	ED448	1	1000	148238.4
3.5.8	signature	sign	ED448	1	2500	149403.2
3.5.8	signature	verify	ED448	1	2500	157798.8
3.5.8	kex	keygen	X301	2	1500	30004.0
3.5.8	kex	derive-setup	X301	2	1500	1710.2
3.5.8	kex	derive-first	X301	2	1500	59705.1
3.5.8	kex	derive-second	X301	2	600	61009.5
3.5.8	kex	derive-steady	X301	2	1500	60802.5
3.5.8	kex	keygen	X448	2	1500	148765.8
3.5.8	kex	derive-setup	X448	2	1500	1345.1
3.5.8	kex	derive-first	X448	2	1500	121759.4
3.5.8	kex	derive-second	X448	2	600	119614.6
3.5.8	kex	derive-steady	X448	2	1500	120106.3
3.5.8	kex	keygen	X25519	2	1500	24162.0
3.5.8	kex	derive-setup	X25519	2	1500	1180.0
3.5.8	kex	derive-first	X25519	2	1500	23689.6
3.5.8	kex	derive-second	X25519	2	600	23725.4
3.5.8	kex	derive-steady	X25519	2	1500	23726.9
3.5.8	kem	kem-keygen	X301MLKEM1024	2	400	67859.4
3.5.8	kem	encaps	X301MLKEM1024	2	500	109327.4
3.5.8	kem	decaps	X301MLKEM1024	2	700	90423.6
3.5.8	kem	kem-keygen	X448MLKEM1024	2	400	184806.0
3.5.8	kem	encaps	X448MLKEM1024	2	500	286634.4
3.5.8	kem	decaps	X448MLKEM1024	2	700	152634.0
3.5.8	kem	kem-keygen	X25519MLKEM768	2	400	50015.6
3.5.8	kem	encaps	X25519MLKEM768	2	500	64452.4
3.5.8	kem	decaps	X25519MLKEM768	2	700	50535.1
3.5.8	kem	kem-keygen	ML-KEM-1024	2	400	38521.1
3.5.8	kem	encaps	ML-KEM-1024	2	500	20050.4
3.5.8	kem	decaps	ML-KEM-1024	2	700	29989.9
3.5.8	signature	keygen	ED448	2	1000	146545.2
3.5.8	signature	sign	ED448	2	2500	147283.7
3.5.8	signature	verify	ED448	2	2500	155031.9
3.5.8	signature	keygen	ED25519	2	1000	25169.6
3.5.8	signature	sign	ED25519	2	2500	23777.6
3.5.8	signature	verify	ED25519	2	2500	80968.4
3.5.8	kex	keygen	X25519	3	1500	23672.2
3.5.8	kex	derive-setup	X25519	3	1500	1174.2
3.5.8	kex	derive-first	X25519	3	1500	23618.0
3.5.8	kex	derive-second	X25519	3	600	23757.4
3.5.8	kex	derive-steady	X25519	3	1500	23534.7
3.5.8	kex	keygen	X448	3	1500	143779.3
3.5.8	kex	derive-setup	X448	3	1500	1201.2
3.5.8	kex	derive-first	X448	3	1500	119429.0
3.5.8	kex	derive-second	X448	3	600	119043.6
3.5.8	kex	derive-steady	X448	3	1500	119033.8
3.5.8	kex	keygen	X301	3	1500	30386.5
3.5.8	kex	derive-setup	X301	3	1500	1969.0
3.5.8	kex	derive-first	X301	3	1500	59806.1
3.5.8	kex	derive-second	X301	3	600	59198.5
3.5.8	kex	derive-steady	X301	3	1500	59229.1
3.5.8	kem	kem-keygen	ML-KEM-1024	3	400	37870.2
3.5.8	kem	encaps	ML-KEM-1024	3	500	20157.5
3.5.8	kem	decaps	ML-KEM-1024	3	700	30130.2
3.5.8	kem	kem-keygen	X25519MLKEM768	3	400	50051.6
3.5.8	kem	encaps	X25519MLKEM768	3	500	63992.2
3.5.8	kem	decaps	X25519MLKEM768	3	700	48384.7
3.5.8	kem	kem-keygen	X448MLKEM1024	3	400	183814.6
3.5.8	kem	encaps	X448MLKEM1024	3	500	284535.5
3.5.8	kem	decaps	X448MLKEM1024	3	700	152171.5
3.5.8	kem	kem-keygen	X301MLKEM1024	3	400	67822.7
3.5.8	kem	encaps	X301MLKEM1024	3	500	108102.3
3.5.8	kem	decaps	X301MLKEM1024	3	700	89964.9
3.5.8	signature	keygen	ED25519	3	1000	25149.4
3.5.8	signature	sign	ED25519	3	2500	23985.8
3.5.8	signature	verify	ED25519	3	2500	78268.2
3.5.8	signature	keygen	ED448	3	1000	145784.4
3.5.8	signature	sign	ED448	3	2500	146021.8
3.5.8	signature	verify	ED448	3	2500	157713.9
3.5.8	kex	keygen	X301	4	1500	29180.0
3.5.8	kex	derive-setup	X301	4	1500	1743.0
3.5.8	kex	derive-first	X301	4	1500	59597.4
3.5.8	kex	derive-second	X301	4	600	59583.0
3.5.8	kex	derive-steady	X301	4	1500	59403.4
3.5.8	kex	keygen	X448	4	1500	144829.0
3.5.8	kex	derive-setup	X448	4	1500	1155.7
3.5.8	kex	derive-first	X448	4	1500	121097.4
3.5.8	kex	derive-second	X448	4	600	119208.8
3.5.8	kex	derive-steady	X448	4	1500	119171.2
3.5.8	kex	keygen	X25519	4	1500	23890.6
3.5.8	kex	derive-setup	X25519	4	1500	1185.9
3.5.8	kex	derive-first	X25519	4	1500	23641.4
3.5.8	kex	derive-second	X25519	4	600	23683.6
3.5.8	kex	derive-steady	X25519	4	1500	23618.6
3.5.8	kem	kem-keygen	X301MLKEM1024	4	400	67782.3
3.5.8	kem	encaps	X301MLKEM1024	4	500	108949.4
3.5.8	kem	decaps	X301MLKEM1024	4	700	90093.6
3.5.8	kem	kem-keygen	X448MLKEM1024	4	400	183650.8
3.5.8	kem	encaps	X448MLKEM1024	4	500	285214.3
3.5.8	kem	decaps	X448MLKEM1024	4	700	151936.1
3.5.8	kem	kem-keygen	X25519MLKEM768	4	400	50056.7
3.5.8	kem	encaps	X25519MLKEM768	4	500	63828.0
3.5.8	kem	decaps	X25519MLKEM768	4	700	48461.8
3.5.8	kem	kem-keygen	ML-KEM-1024	4	400	37901.3
3.5.8	kem	encaps	ML-KEM-1024	4	500	20066.9
3.5.8	kem	decaps	ML-KEM-1024	4	700	30069.7
3.5.8	signature	keygen	ED448	4	1000	146857.9
3.5.8	signature	sign	ED448	4	2500	146450.8
3.5.8	signature	verify	ED448	4	2500	155352.7
3.5.8	signature	keygen	ED25519	4	1000	25047.3
3.5.8	signature	sign	ED25519	4	2500	23897.6
3.5.8	signature	verify	ED25519	4	2500	77450.8
3.5.8	kex	keygen	X25519	5	1500	23720.5
3.5.8	kex	derive-setup	X25519	5	1500	1167.8
3.5.8	kex	derive-first	X25519	5	1500	23641.3
3.5.8	kex	derive-second	X25519	5	600	23510.5
3.5.8	kex	derive-steady	X25519	5	1500	23599.5
3.5.8	kex	keygen	X448	5	1500	144006.7
3.5.8	kex	derive-setup	X448	5	1500	1177.4
3.5.8	kex	derive-first	X448	5	1500	119169.8
3.5.8	kex	derive-second	X448	5	600	120046.0
3.5.8	kex	derive-steady	X448	5	1500	119761.8
3.5.8	kex	keygen	X301	5	1500	29157.4
3.5.8	kex	derive-setup	X301	5	1500	1711.2
3.5.8	kex	derive-first	X301	5	1500	60018.1
3.5.8	kex	derive-second	X301	5	600	59462.2
3.5.8	kex	derive-steady	X301	5	1500	59822.2
3.5.8	kem	kem-keygen	ML-KEM-1024	5	400	38389.8
3.5.8	kem	encaps	ML-KEM-1024	5	500	20154.1
3.5.8	kem	decaps	ML-KEM-1024	5	700	30118.4
3.5.8	kem	kem-keygen	X25519MLKEM768	5	400	50254.8
3.5.8	kem	encaps	X25519MLKEM768	5	500	64292.6
3.5.8	kem	decaps	X25519MLKEM768	5	700	48738.6
3.5.8	kem	kem-keygen	X448MLKEM1024	5	400	185324.0
3.5.8	kem	encaps	X448MLKEM1024	5	500	285557.3
3.5.8	kem	decaps	X448MLKEM1024	5	700	151166.0
3.5.8	kem	kem-keygen	X301MLKEM1024	5	400	67955.5
3.5.8	kem	encaps	X301MLKEM1024	5	500	108571.0
3.5.8	kem	decaps	X301MLKEM1024	5	700	89846.8
3.5.8	signature	keygen	ED25519	5	1000	25040.6
3.5.8	signature	sign	ED25519	5	2500	23911.6
3.5.8	signature	verify	ED25519	5	2500	77808.6
3.5.8	signature	keygen	ED448	5	1000	146603.3
3.5.8	signature	sign	ED448	5	2500	146517.5
3.5.8	signature	verify	ED448	5	2500	155721.9
3.5.8	kex	keygen	X301	6	1500	29492.1
3.5.8	kex	derive-setup	X301	6	1500	1786.8
3.5.8	kex	derive-first	X301	6	1500	59498.4
3.5.8	kex	derive-second	X301	6	600	59512.1
3.5.8	kex	derive-steady	X301	6	1500	59815.7
3.5.8	kex	keygen	X448	6	1500	144816.3
3.5.8	kex	derive-setup	X448	6	1500	1146.2
3.5.8	kex	derive-first	X448	6	1500	119196.8
3.5.8	kex	derive-second	X448	6	600	118847.7
3.5.8	kex	derive-steady	X448	6	1500	120662.0
3.5.8	kex	keygen	X25519	6	1500	23647.2
3.5.8	kex	derive-setup	X25519	6	1500	1177.0
3.5.8	kex	derive-first	X25519	6	1500	23679.3
3.5.8	kex	derive-second	X25519	6	600	23947.7
3.5.8	kex	derive-steady	X25519	6	1500	23686.3
3.5.8	kem	kem-keygen	X301MLKEM1024	6	400	67887.5
3.5.8	kem	encaps	X301MLKEM1024	6	500	108343.5
3.5.8	kem	decaps	X301MLKEM1024	6	700	89712.3
3.5.8	kem	kem-keygen	X448MLKEM1024	6	400	184480.2
3.5.8	kem	encaps	X448MLKEM1024	6	500	285966.2
3.5.8	kem	decaps	X448MLKEM1024	6	700	151493.3
3.5.8	kem	kem-keygen	X25519MLKEM768	6	400	50712.3
3.5.8	kem	encaps	X25519MLKEM768	6	500	63919.0
3.5.8	kem	decaps	X25519MLKEM768	6	700	48368.1
3.5.8	kem	kem-keygen	ML-KEM-1024	6	400	38053.6
3.5.8	kem	encaps	ML-KEM-1024	6	500	19876.5
3.5.8	kem	decaps	ML-KEM-1024	6	700	30040.7
3.5.8	signature	keygen	ED448	6	1000	146441.8
3.5.8	signature	sign	ED448	6	2500	145933.7
3.5.8	signature	verify	ED448	6	2500	155802.9
3.5.8	signature	keygen	ED25519	6	1000	25155.1
3.5.8	signature	sign	ED25519	6	2500	24006.0
3.5.8	signature	verify	ED25519	6	2500	78350.9
3.5.8	kex	keygen	X25519	7	1500	23858.4
3.5.8	kex	derive-setup	X25519	7	1500	1168.3
3.5.8	kex	derive-first	X25519	7	1500	23654.1
3.5.8	kex	derive-second	X25519	7	600	23567.4
3.5.8	kex	derive-steady	X25519	7	1500	23646.6
3.5.8	kex	keygen	X448	7	1500	144292.4
3.5.8	kex	derive-setup	X448	7	1500	1164.3
3.5.8	kex	derive-first	X448	7	1500	119014.1
3.5.8	kex	derive-second	X448	7	600	119043.7
3.5.8	kex	derive-steady	X448	7	1500	118881.4
3.5.8	kex	keygen	X301	7	1500	29436.3
3.5.8	kex	derive-setup	X301	7	1500	1766.5
3.5.8	kex	derive-first	X301	7	1500	59300.7
3.5.8	kex	derive-second	X301	7	600	59223.6
3.5.8	kex	derive-steady	X301	7	1500	59197.5
3.5.8	kem	kem-keygen	ML-KEM-1024	7	400	38113.5
3.5.8	kem	encaps	ML-KEM-1024	7	500	20011.6
3.5.8	kem	decaps	ML-KEM-1024	7	700	29898.3
3.5.8	kem	kem-keygen	X25519MLKEM768	7	400	49967.4
3.5.8	kem	encaps	X25519MLKEM768	7	500	63932.5
3.5.8	kem	decaps	X25519MLKEM768	7	700	48788.7
3.5.8	kem	kem-keygen	X448MLKEM1024	7	400	183654.2
3.5.8	kem	encaps	X448MLKEM1024	7	500	284533.1
3.5.8	kem	decaps	X448MLKEM1024	7	700	151188.4
3.5.8	kem	kem-keygen	X301MLKEM1024	7	400	67721.5
3.5.8	kem	encaps	X301MLKEM1024	7	500	108037.9
3.5.8	kem	decaps	X301MLKEM1024	7	700	89737.5
3.5.8	signature	keygen	ED25519	7	1000	25277.6
3.5.8	signature	sign	ED25519	7	2500	23799.6
3.5.8	signature	verify	ED25519	7	2500	78670.6
3.5.8	signature	keygen	ED448	7	1000	145635.5
3.5.8	signature	sign	ED448	7	2500	146722.9
3.5.8	signature	verify	ED448	7	2500	154608.2
